{"cameraMode":{"drawMode":0,"name":"Shaded","section":"Shading Mode"},"sceneLighting":true,"audioPlay":false,"sceneViewState":{"showFog":true,"showMaterialUpdate":false,"showSkybox":true,"showFlares":true,"showImageEffects":true,"showParticleSystems":true},"in2DMode":false,"pivot":{"x":-0.23091745376586915,"y":0.7508559823036194,"z":-0.11947226524353028},"rotation":{"x":-0.18989694118499757,"y":0.5099507570266724,"z":-0.11657930165529251,"w":-0.8308602571487427},"size":0.9621327519416809,"orthographic":false}